"Data Source","Indicadores del desarrollo mundial",

"Last Updated Date","2021-02-17",

"Country Name","Country Code","Indicator Name","Indicator Code","1960","1961","1962","1963","1964","1965","1966","1967","1968","1969","1970","1971","1972","1973","1974","1975","1976","1977","1978","1979","1980","1981","1982","1983","1984","1985","1986","1987","1988","1989","1990","1991","1992","1993","1994","1995","1996","1997","1998","1999","2000","2001","2002","2003","2004","2005","2006","2007","2008","2009","2010","2011","2012","2013","2014","2015","2016","2017","2018","2019","2020",
"Aruba","ABW","Calificación de transparencia, responsabilidad y corrupción en el sector público de la CPIA (1=bajo a 6=alto)","IQ.CPA.TRAN.XQ","","","","","","","","","","","","","","","","","","","","","","","","","","","","","","","","","","","","","","","","","","","","","","","","","","","","","","","","","","","","","",
"Afganistán","AFG","Calificación de transparencia, responsabilidad y corrupción en el sector público de la CPIA (1=bajo a 6=alto)","IQ.CPA.TRAN.XQ","","","","","","","","","","","","","","","","","","","","","","","","","","","","","","","","","","","","","","","","","","","","","","","2.5","2","2","2","2","2","2","2","2","2","2","2","2","2","",
"Angola","AGO","Calificación de transparencia, responsabilidad y corrupción en el sector público de la CPIA (1=bajo a 6=alto)","IQ.CPA.TRAN.XQ","","","","","","","","","","","","","","","","","","","","","","","","","","","","","","","","","","","","","","","","","","","","","","2.5","2.5","2.5","2.5","2.5","2.5","2.5","2.5","2.5","","","","","","","",
"Albania","ALB","Calificación de transparencia, responsabilidad y corrupción en el sector público de la CPIA (1=bajo a 6=alto)","IQ.CPA.TRAN.XQ","","","","","","","","","","","","","","","","","","","","","","","","","","","","","","","","","","","","","","","","","","","","","","3","2.5","","","","","","","","","","","","","","",
"Andorra","AND","Calificación de transparencia, responsabilidad y corrupción en el sector público de la CPIA (1=bajo a 6=alto)","IQ.CPA.TRAN.XQ","","","","","","","","","","","","","","","","","","","","","","","","","","","","","","","","","","","","","","","","","","","","","","","","","","","","","","","","","","","","","",
"El mundo árabe","ARB","Calificación de transparencia, responsabilidad y corrupción en el sector público de la CPIA (1=bajo a 6=alto)","IQ.CPA.TRAN.XQ","","","","","","","","","","","","","","","","","","","","","","","","","","","","","","","","","","","","","","","","","","","","","","2.5","2.5","2.6","2.5","2.4","2.3","2.3","2.2","2.2","2.3","2.2","2.2","2.08333333333333","2.2","2.16666666666667","",
"Emiratos Árabes Unidos","ARE","Calificación de transparencia, responsabilidad y corrupción en el sector público de la CPIA (1=bajo a 6=alto)","IQ.CPA.TRAN.XQ","","","","","","","","","","","","","","","","","","","","","","","","","","","","","","","","","","","","","","","","","","","","","","","","","","","","","","","","","","","","","",
"Argentina","ARG","Calificación de transparencia, responsabilidad y corrupción en el sector público de la CPIA (1=bajo a 6=alto)","IQ.CPA.TRAN.XQ","","","","","","","","","","","","","","","","","","","","","","","","","","","","","","","","","","","","","","","","","","","","","","","","","","","","","","","","","","","","","",
"Armenia","ARM","Calificación de transparencia, responsabilidad y corrupción en el sector público de la CPIA (1=bajo a 6=alto)","IQ.CPA.TRAN.XQ","","","","","","","","","","","","","","","","","","","","","","","","","","","","","","","","","","","","","","","","","","","","","","2.5","3.5","3.5","3","3","3","3","3.5","3.5","","","","","","","",
"Samoa Americana","ASM","Calificación de transparencia, responsabilidad y corrupción en el sector público de la CPIA (1=bajo a 6=alto)","IQ.CPA.TRAN.XQ","","","","","","","","","","","","","","","","","","","","","","","","","","","","","","","","","","","","","","","","","","","","","","","","","","","","","","","","","","","","","",
"Antigua y Barbuda","ATG","Calificación de transparencia, responsabilidad y corrupción en el sector público de la CPIA (1=bajo a 6=alto)","IQ.CPA.TRAN.XQ","","","","","","","","","","","","","","","","","","","","","","","","","","","","","","","","","","","","","","","","","","","","","","","","","","","","","","","","","","","","","",
"Australia","AUS","Calificación de transparencia, responsabilidad y corrupción en el sector público de la CPIA (1=bajo a 6=alto)","IQ.CPA.TRAN.XQ","","","","","","","","","","","","","","","","","","","","","","","","","","","","","","","","","","","","","","","","","","","","","","","","","","","","","","","","","","","","","",
"Austria","AUT","Calificación de transparencia, responsabilidad y corrupción en el sector público de la CPIA (1=bajo a 6=alto)","IQ.CPA.TRAN.XQ","","","","","","","","","","","","","","","","","","","","","","","","","","","","","","","","","","","","","","","","","","","","","","","","","","","","","","","","","","","","","",
"Azerbaiyán","AZE","Calificación de transparencia, responsabilidad y corrupción en el sector público de la CPIA (1=bajo a 6=alto)","IQ.CPA.TRAN.XQ","","","","","","","","","","","","","","","","","","","","","","","","","","","","","","","","","","","","","","","","","","","","","","2.5","2.5","2.5","2.5","2.5","2.5","","","","","","","","","","",
"Burundi","BDI","Calificación de transparencia, responsabilidad y corrupción en el sector público de la CPIA (1=bajo a 6=alto)","IQ.CPA.TRAN.XQ","","","","","","","","","","","","","","","","","","","","","","","","","","","","","","","","","","","","","","","","","","","","","","3","2.5","2","2","2","2","2","2","2","2.5","2","2","1.5","1.5","1.5","",
"Bélgica","BEL","Calificación de transparencia, responsabilidad y corrupción en el sector público de la CPIA (1=bajo a 6=alto)","IQ.CPA.TRAN.XQ","","","","","","","","","","","","","","","","","","","","","","","","","","","","","","","","","","","","","","","","","","","","","","","","","","","","","","","","","","","","","",
"Benin","BEN","Calificación de transparencia, responsabilidad y corrupción en el sector público de la CPIA (1=bajo a 6=alto)","IQ.CPA.TRAN.XQ","","","","","","","","","","","","","","","","","","","","","","","","","","","","","","","","","","","","","","","","","","","","","","3.5","3.5","3.5","3.5","3.5","3.5","3.5","3.5","3.5","3.5","3.5","3.5","3.5","3.5","3.5","",
"Burkina Faso","BFA","Calificación de transparencia, responsabilidad y corrupción en el sector público de la CPIA (1=bajo a 6=alto)","IQ.CPA.TRAN.XQ","","","","","","","","","","","","","","","","","","","","","","","","","","","","","","","","","","","","","","","","","","","","","","3.5","3","3","3","3.5","3.5","3.5","3.5","3.5","3.5","3.5","3.5","3.5","3.5","3.5","",
"Bangladesh","BGD","Calificación de transparencia, responsabilidad y corrupción en el sector público de la CPIA (1=bajo a 6=alto)","IQ.CPA.TRAN.XQ","","","","","","","","","","","","","","","","","","","","","","","","","","","","","","","","","","","","","","","","","","","","","","2.5","2.5","3","3","3","3","2.5","2.5","2.5","2.5","2.5","2.5","2.5","2.5","2.5","",
"Bulgaria","BGR","Calificación de transparencia, responsabilidad y corrupción en el sector público de la CPIA (1=bajo a 6=alto)","IQ.CPA.TRAN.XQ","","","","","","","","","","","","","","","","","","","","","","","","","","","","","","","","","","","","","","","","","","","","","","","","","","","","","","","","","","","","","",
"Bahrein","BHR","Calificación de transparencia, responsabilidad y corrupción en el sector público de la CPIA (1=bajo a 6=alto)","IQ.CPA.TRAN.XQ","","","","","","","","","","","","","","","","","","","","","","","","","","","","","","","","","","","","","","","","","","","","","","","","","","","","","","","","","","","","","",
"Bahamas","BHS","Calificación de transparencia, responsabilidad y corrupción en el sector público de la CPIA (1=bajo a 6=alto)","IQ.CPA.TRAN.XQ","","","","","","","","","","","","","","","","","","","","","","","","","","","","","","","","","","","","","","","","","","","","","","","","","","","","","","","","","","","","","",
"Bosnia y Herzegovina","BIH","Calificación de transparencia, responsabilidad y corrupción en el sector público de la CPIA (1=bajo a 6=alto)","IQ.CPA.TRAN.XQ","","","","","","","","","","","","","","","","","","","","","","","","","","","","","","","","","","","","","","","","","","","","","","3","3","3","3","3","3","3","3","3","","","","","","","",
"Belarús","BLR","Calificación de transparencia, responsabilidad y corrupción en el sector público de la CPIA (1=bajo a 6=alto)","IQ.CPA.TRAN.XQ","","","","","","","","","","","","","","","","","","","","","","","","","","","","","","","","","","","","","","","","","","","","","","","","","","","","","","","","","","","","","",
"Belice","BLZ","Calificación de transparencia, responsabilidad y corrupción en el sector público de la CPIA (1=bajo a 6=alto)","IQ.CPA.TRAN.XQ","","","","","","","","","","","","","","","","","","","","","","","","","","","","","","","","","","","","","","","","","","","","","","","","","","","","","","","","","","","","","",
"Bermudas","BMU","Calificación de transparencia, responsabilidad y corrupción en el sector público de la CPIA (1=bajo a 6=alto)","IQ.CPA.TRAN.XQ","","","","","","","","","","","","","","","","","","","","","","","","","","","","","","","","","","","","","","","","","","","","","","","","","","","","","","","","","","","","","",
"Bolivia","BOL","Calificación de transparencia, responsabilidad y corrupción en el sector público de la CPIA (1=bajo a 6=alto)","IQ.CPA.TRAN.XQ","","","","","","","","","","","","","","","","","","","","","","","","","","","","","","","","","","","","","","","","","","","","","","3","3.5","3.5","3.5","3.5","3.5","3.5","3.5","3.5","3.5","3","","","","","",
"Brasil","BRA","Calificación de transparencia, responsabilidad y corrupción en el sector público de la CPIA (1=bajo a 6=alto)","IQ.CPA.TRAN.XQ","","","","","","","","","","","","","","","","","","","","","","","","","","","","","","","","","","","","","","","","","","","","","","","","","","","","","","","","","","","","","",
"Barbados","BRB","Calificación de transparencia, responsabilidad y corrupción en el sector público de la CPIA (1=bajo a 6=alto)","IQ.CPA.TRAN.XQ","","","","","","","","","","","","","","","","","","","","","","","","","","","","","","","","","","","","","","","","","","","","","","","","","","","","","","","","","","","","","",
"Brunei Darussalam","BRN","Calificación de transparencia, responsabilidad y corrupción en el sector público de la CPIA (1=bajo a 6=alto)","IQ.CPA.TRAN.XQ","","","","","","","","","","","","","","","","","","","","","","","","","","","","","","","","","","","","","","","","","","","","","","","","","","","","","","","","","","","","","",
"Bhután","BTN","Calificación de transparencia, responsabilidad y corrupción en el sector público de la CPIA (1=bajo a 6=alto)","IQ.CPA.TRAN.XQ","","","","","","","","","","","","","","","","","","","","","","","","","","","","","","","","","","","","","","","","","","","","","","4","4","4","4","4.5","4.5","4.5","4.5","4.5","4.5","4.5","4.5","4.5","4.5","4.5","",
"Botswana","BWA","Calificación de transparencia, responsabilidad y corrupción en el sector público de la CPIA (1=bajo a 6=alto)","IQ.CPA.TRAN.XQ","","","","","","","","","","","","","","","","","","","","","","","","","","","","","","","","","","","","","","","","","","","","","","","","","","","","","","","","","","","","","",
"República Centroafricana","CAF","Calificación de transparencia, responsabilidad y corrupción en el sector público de la CPIA (1=bajo a 6=alto)","IQ.CPA.TRAN.XQ","","","","","","","","","","","","","","","","","","","","","","","","","","","","","","","","","","","","","","","","","","","","","","2.5","2.5","2.5","2.5","2.5","2.5","2.5","2.5","2.5","2.5","2.5","2.5","2.5","2.5","2.5","",
"Canadá","CAN","Calificación de transparencia, responsabilidad y corrupción en el sector público de la CPIA (1=bajo a 6=alto)","IQ.CPA.TRAN.XQ","","","","","","","","","","","","","","","","","","","","","","","","","","","","","","","","","","","","","","","","","","","","","","","","","","","","","","","","","","","","","",
"Europa Central y del Báltico","CEB","Calificación de transparencia, responsabilidad y corrupción en el sector público de la CPIA (1=bajo a 6=alto)","IQ.CPA.TRAN.XQ","","","","","","","","","","","","","","","","","","","","","","","","","","","","","","","","","","","","","","","","","","","","","","","","","","","","","","","","","","","","","",
"Suiza","CHE","Calificación de transparencia, responsabilidad y corrupción en el sector público de la CPIA (1=bajo a 6=alto)","IQ.CPA.TRAN.XQ","","","","","","","","","","","","","","","","","","","","","","","","","","","","","","","","","","","","","","","","","","","","","","","","","","","","","","","","","","","","","",
"Islas del Canal","CHI","Calificación de transparencia, responsabilidad y corrupción en el sector público de la CPIA (1=bajo a 6=alto)","IQ.CPA.TRAN.XQ","","","","","","","","","","","","","","","","","","","","","","","","","","","","","","","","","","","","","","","","","","","","","","","","","","","","","","","","","","","","","",
"Chile","CHL","Calificación de transparencia, responsabilidad y corrupción en el sector público de la CPIA (1=bajo a 6=alto)","IQ.CPA.TRAN.XQ","","","","","","","","","","","","","","","","","","","","","","","","","","","","","","","","","","","","","","","","","","","","","","","","","","","","","","","","","","","","","",
"China","CHN","Calificación de transparencia, responsabilidad y corrupción en el sector público de la CPIA (1=bajo a 6=alto)","IQ.CPA.TRAN.XQ","","","","","","","","","","","","","","","","","","","","","","","","","","","","","","","","","","","","","","","","","","","","","","","","","","","","","","","","","","","","","",
"Côte d'Ivoire","CIV","Calificación de transparencia, responsabilidad y corrupción en el sector público de la CPIA (1=bajo a 6=alto)","IQ.CPA.TRAN.XQ","","","","","","","","","","","","","","","","","","","","","","","","","","","","","","","","","","","","","","","","","","","","","","2","2","2","2.5","2.5","2","2.5","2.5","3","3","3","3","3","3","3.5","",
"Camerún","CMR","Calificación de transparencia, responsabilidad y corrupción en el sector público de la CPIA (1=bajo a 6=alto)","IQ.CPA.TRAN.XQ","","","","","","","","","","","","","","","","","","","","","","","","","","","","","","","","","","","","","","","","","","","","","","2.5","2.5","2.5","2.5","2.5","2.5","2.5","2.5","2.5","2.5","2.5","2.5","2.5","2.5","2.5","",
"Congo, República Democrática del","COD","Calificación de transparencia, responsabilidad y corrupción en el sector público de la CPIA (1=bajo a 6=alto)","IQ.CPA.TRAN.XQ","","","","","","","","","","","","","","","","","","","","","","","","","","","","","","","","","","","","","","","","","","","","","","2","2","2","2","2","2","2","2","2","2","2","2","2","2","2","",
"Congo, República del","COG","Calificación de transparencia, responsabilidad y corrupción en el sector público de la CPIA (1=bajo a 6=alto)","IQ.CPA.TRAN.XQ","","","","","","","","","","","","","","","","","","","","","","","","","","","","","","","","","","","","","","","","","","","","","","2.5","2.5","2.5","2.5","2.5","2.5","2.5","2","2","2","2","2","2","2","2","",
"Colombia","COL","Calificación de transparencia, responsabilidad y corrupción en el sector público de la CPIA (1=bajo a 6=alto)","IQ.CPA.TRAN.XQ","","","","","","","","","","","","","","","","","","","","","","","","","","","","","","","","","","","","","","","","","","","","","","","","","","","","","","","","","","","","","",
"Comoras","COM","Calificación de transparencia, responsabilidad y corrupción en el sector público de la CPIA (1=bajo a 6=alto)","IQ.CPA.TRAN.XQ","","","","","","","","","","","","","","","","","","","","","","","","","","","","","","","","","","","","","","","","","","","","","","2.5","2.5","2.5","2.5","2.5","2.5","2.5","2.5","2.5","2.5","2.5","2.5","2.5","2.5","2.5","",
"Cabo Verde","CPV","Calificación de transparencia, responsabilidad y corrupción en el sector público de la CPIA (1=bajo a 6=alto)","IQ.CPA.TRAN.XQ","","","","","","","","","","","","","","","","","","","","","","","","","","","","","","","","","","","","","","","","","","","","","","4.5","4.5","4.5","4.5","4.5","4.5","4.5","4.5","4.5","4.5","4.5","4","4","4.5","4.5","",
"Costa Rica","CRI","Calificación de transparencia, responsabilidad y corrupción en el sector público de la CPIA (1=bajo a 6=alto)","IQ.CPA.TRAN.XQ","","","","","","","","","","","","","","","","","","","","","","","","","","","","","","","","","","","","","","","","","","","","","","","","","","","","","","","","","","","","","",
"Estados pequeos del Caribe","CSS","Calificación de transparencia, responsabilidad y corrupción en el sector público de la CPIA (1=bajo a 6=alto)","IQ.CPA.TRAN.XQ","","","","","","","","","","","","","","","","","","","","","","","","","","","","","","","","","","","","","","","","","","","","","","3.9","3.9","3.9","3.9","3.9","3.8","3.8","3.8","3.9","3.9","3.9","3.9","3.9","3.9","3.9","",
"Cuba","CUB","Calificación de transparencia, responsabilidad y corrupción en el sector público de la CPIA (1=bajo a 6=alto)","IQ.CPA.TRAN.XQ","","","","","","","","","","","","","","","","","","","","","","","","","","","","","","","","","","","","","","","","","","","","","","","","","","","","","","","","","","","","","",
"Curacao","CUW","Calificación de transparencia, responsabilidad y corrupción en el sector público de la CPIA (1=bajo a 6=alto)","IQ.CPA.TRAN.XQ","","","","","","","","","","","","","","","","","","","","","","","","","","","","","","","","","","","","","","","","","","","","","","","","","","","","","","","","","","","","","",
"Islas Caimán","CYM","Calificación de transparencia, responsabilidad y corrupción en el sector público de la CPIA (1=bajo a 6=alto)","IQ.CPA.TRAN.XQ","","","","","","","","","","","","","","","","","","","","","","","","","","","","","","","","","","","","","","","","","","","","","","","","","","","","","","","","","","","","","",
"Chipre","CYP","Calificación de transparencia, responsabilidad y corrupción en el sector público de la CPIA (1=bajo a 6=alto)","IQ.CPA.TRAN.XQ","","","","","","","","","","","","","","","","","","","","","","","","","","","","","","","","","","","","","","","","","","","","","","","","","","","","","","","","","","","","","",
"República Checa","CZE","Calificación de transparencia, responsabilidad y corrupción en el sector público de la CPIA (1=bajo a 6=alto)","IQ.CPA.TRAN.XQ","","","","","","","","","","","","","","","","","","","","","","","","","","","","","","","","","","","","","","","","","","","","","","","","","","","","","","","","","","","","","",
"Alemania","DEU","Calificación de transparencia, responsabilidad y corrupción en el sector público de la CPIA (1=bajo a 6=alto)","IQ.CPA.TRAN.XQ","","","","","","","","","","","","","","","","","","","","","","","","","","","","","","","","","","","","","","","","","","","","","","","","","","","","","","","","","","","","","",
"Djibouti","DJI","Calificación de transparencia, responsabilidad y corrupción en el sector público de la CPIA (1=bajo a 6=alto)","IQ.CPA.TRAN.XQ","","","","","","","","","","","","","","","","","","","","","","","","","","","","","","","","","","","","","","","","","","","","","","2.5","2.5","2.5","2.5","2.5","2.5","2.5","2.5","2.5","2.5","2.5","2.5","2.5","2.5","2.5","",
"Dominica","DMA","Calificación de transparencia, responsabilidad y corrupción en el sector público de la CPIA (1=bajo a 6=alto)","IQ.CPA.TRAN.XQ","","","","","","","","","","","","","","","","","","","","","","","","","","","","","","","","","","","","","","","","","","","","","","4","4","4","4","4","4","4","4","4","4","4","4","4","4","4","",
"Dinamarca","DNK","Calificación de transparencia, responsabilidad y corrupción en el sector público de la CPIA (1=bajo a 6=alto)","IQ.CPA.TRAN.XQ","","","","","","","","","","","","","","","","","","","","","","","","","","","","","","","","","","","","","","","","","","","","","","","","","","","","","","","","","","","","","",
"República Dominicana","DOM","Calificación de transparencia, responsabilidad y corrupción en el sector público de la CPIA (1=bajo a 6=alto)","IQ.CPA.TRAN.XQ","","","","","","","","","","","","","","","","","","","","","","","","","","","","","","","","","","","","","","","","","","","","","","","","","","","","","","","","","","","","","",
"Argelia","DZA","Calificación de transparencia, responsabilidad y corrupción en el sector público de la CPIA (1=bajo a 6=alto)","IQ.CPA.TRAN.XQ","","","","","","","","","","","","","","","","","","","","","","","","","","","","","","","","","","","","","","","","","","","","","","","","","","","","","","","","","","","","","",
"Asia oriental y el Pacífico (excluido altos ingresos)","EAP","Calificación de transparencia, responsabilidad y corrupción en el sector público de la CPIA (1=bajo a 6=alto)","IQ.CPA.TRAN.XQ","","","","","","","","","","","","","","","","","","","","","","","","","","","","","","","","","","","","","","","","","","","","","","2.86363636363636","2.875","2.95454545454545","3","2.95454545454545","3","3.07692307692308","3.14285714285714","3.1","3.13333333333333","3.13333333333333","3.14285714285714","3.10714285714286","3.03571428571429","3.03571428571429","",
"inicial del dividendo demográfico","EAR","Calificación de transparencia, responsabilidad y corrupción en el sector público de la CPIA (1=bajo a 6=alto)","IQ.CPA.TRAN.XQ","","","","","","","","","","","","","","","","","","","","","","","","","","","","","","","","","","","","","","","","","","","","","","2.9","2.9","2.94827586206897","2.96551724137931","3.01724137931034","2.98275862068966","3.05","3.06666666666667","3.06451612903226","3.01666666666667","3.01666666666667","2.96551724137931","2.94827586206897","2.96551724137931","2.94827586206897","",
"Asia oriental y el Pacífico","EAS","Calificación de transparencia, responsabilidad y corrupción en el sector público de la CPIA (1=bajo a 6=alto)","IQ.CPA.TRAN.XQ","","","","","","","","","","","","","","","","","","","","","","","","","","","","","","","","","","","","","","","","","","","","","","2.86363636363636","2.875","2.95454545454545","3","2.95454545454545","3","3.07692307692308","3.14285714285714","3.1","3.13333333333333","3.13333333333333","3.14285714285714","3.10714285714286","3.03571428571429","3.03571428571429","",
"Europa y Asia central (excluido altos ingresos)","ECA","Calificación de transparencia, responsabilidad y corrupción en el sector público de la CPIA (1=bajo a 6=alto)","IQ.CPA.TRAN.XQ","","","","","","","","","","","","","","","","","","","","","","","","","","","","","","","","","","","","","","","","","","","","","","2.65","2.65","2.625","2.5625","2.61111111111111","2.66666666666667","2.875","3","3","2.7","2.6","2.6","2.6","2.6","2.6","",
"Europa y Asia central","ECS","Calificación de transparencia, responsabilidad y corrupción en el sector público de la CPIA (1=bajo a 6=alto)","IQ.CPA.TRAN.XQ","","","","","","","","","","","","","","","","","","","","","","","","","","","","","","","","","","","","","","","","","","","","","","2.65","2.65","2.625","2.5625","2.61111111111111","2.66666666666667","2.875","3","3","2.7","2.6","2.6","2.6","2.6","2.6","",
"Ecuador","ECU","Calificación de transparencia, responsabilidad y corrupción en el sector público de la CPIA (1=bajo a 6=alto)","IQ.CPA.TRAN.XQ","","","","","","","","","","","","","","","","","","","","","","","","","","","","","","","","","","","","","","","","","","","","","","","","","","","","","","","","","","","","","",
"Egipto, República Árabe de","EGY","Calificación de transparencia, responsabilidad y corrupción en el sector público de la CPIA (1=bajo a 6=alto)","IQ.CPA.TRAN.XQ","","","","","","","","","","","","","","","","","","","","","","","","","","","","","","","","","","","","","","","","","","","","","","","","","","","","","","","","","","","","","",
"Zona del Euro","EMU","Calificación de transparencia, responsabilidad y corrupción en el sector público de la CPIA (1=bajo a 6=alto)","IQ.CPA.TRAN.XQ","","","","","","","","","","","","","","","","","","","","","","","","","","","","","","","","","","","","","","","","","","","","","","","","","","","","","","","","","","","","","",
"Eritrea","ERI","Calificación de transparencia, responsabilidad y corrupción en el sector público de la CPIA (1=bajo a 6=alto)","IQ.CPA.TRAN.XQ","","","","","","","","","","","","","","","","","","","","","","","","","","","","","","","","","","","","","","","","","","","","","","2.5","2.5","2","2","2","2","2","2","2","2","2","2","2","2.5","2.5","",
"España","ESP","Calificación de transparencia, responsabilidad y corrupción en el sector público de la CPIA (1=bajo a 6=alto)","IQ.CPA.TRAN.XQ","","","","","","","","","","","","","","","","","","","","","","","","","","","","","","","","","","","","","","","","","","","","","","","","","","","","","","","","","","","","","",
"Estonia","EST","Calificación de transparencia, responsabilidad y corrupción en el sector público de la CPIA (1=bajo a 6=alto)","IQ.CPA.TRAN.XQ","","","","","","","","","","","","","","","","","","","","","","","","","","","","","","","","","","","","","","","","","","","","","","","","","","","","","","","","","","","","","",
"Etiopía","ETH","Calificación de transparencia, responsabilidad y corrupción en el sector público de la CPIA (1=bajo a 6=alto)","IQ.CPA.TRAN.XQ","","","","","","","","","","","","","","","","","","","","","","","","","","","","","","","","","","","","","","","","","","","","","","2.5","2.5","2.5","2.5","2.5","2.5","3","3","3","3","3","3","3","3","3","",
"Unión Europea","EUU","Calificación de transparencia, responsabilidad y corrupción en el sector público de la CPIA (1=bajo a 6=alto)","IQ.CPA.TRAN.XQ","","","","","","","","","","","","","","","","","","","","","","","","","","","","","","","","","","","","","","","","","","","","","","","","","","","","","","","","","","","","","",
"Frágiles y situaciones de conflicto afectados","FCS","Calificación de transparencia, responsabilidad y corrupción en el sector público de la CPIA (1=bajo a 6=alto)","IQ.CPA.TRAN.XQ","","","","","","","","","","","","","","","","","","","","","","","","","","","","","","","","","","","","","","","","","","","","","","2.60869565217391","2.56","2.5","2.48","2.53703703703704","2.55555555555556","2.62068965517241","2.54838709677419","2.546875","2.609375","2.5625","2.5625","2.48484848484848","2.546875","2.53030303030303","",
"Finlandia","FIN","Calificación de transparencia, responsabilidad y corrupción en el sector público de la CPIA (1=bajo a 6=alto)","IQ.CPA.TRAN.XQ","","","","","","","","","","","","","","","","","","","","","","","","","","","","","","","","","","","","","","","","","","","","","","","","","","","","","","","","","","","","","",
"Fiji","FJI","Calificación de transparencia, responsabilidad y corrupción en el sector público de la CPIA (1=bajo a 6=alto)","IQ.CPA.TRAN.XQ","","","","","","","","","","","","","","","","","","","","","","","","","","","","","","","","","","","","","","","","","","","","","","","","","","","","","","","","","","","","","",
"Francia","FRA","Calificación de transparencia, responsabilidad y corrupción en el sector público de la CPIA (1=bajo a 6=alto)","IQ.CPA.TRAN.XQ","","","","","","","","","","","","","","","","","","","","","","","","","","","","","","","","","","","","","","","","","","","","","","","","","","","","","","","","","","","","","",
"Islas Feroe","FRO","Calificación de transparencia, responsabilidad y corrupción en el sector público de la CPIA (1=bajo a 6=alto)","IQ.CPA.TRAN.XQ","","","","","","","","","","","","","","","","","","","","","","","","","","","","","","","","","","","","","","","","","","","","","","","","","","","","","","","","","","","","","",
"Micronesia (Estados Federados de)","FSM","Calificación de transparencia, responsabilidad y corrupción en el sector público de la CPIA (1=bajo a 6=alto)","IQ.CPA.TRAN.XQ","","","","","","","","","","","","","","","","","","","","","","","","","","","","","","","","","","","","","","","","","","","","","","","","","","","","3","3.5","3.5","3.5","3.5","3.5","3.5","3.5","3.5","",
"Gabón","GAB","Calificación de transparencia, responsabilidad y corrupción en el sector público de la CPIA (1=bajo a 6=alto)","IQ.CPA.TRAN.XQ","","","","","","","","","","","","","","","","","","","","","","","","","","","","","","","","","","","","","","","","","","","","","","","","","","","","","","","","","","","","","",
"Reino Unido","GBR","Calificación de transparencia, responsabilidad y corrupción en el sector público de la CPIA (1=bajo a 6=alto)","IQ.CPA.TRAN.XQ","","","","","","","","","","","","","","","","","","","","","","","","","","","","","","","","","","","","","","","","","","","","","","","","","","","","","","","","","","","","","",
"Georgia","GEO","Calificación de transparencia, responsabilidad y corrupción en el sector público de la CPIA (1=bajo a 6=alto)","IQ.CPA.TRAN.XQ","","","","","","","","","","","","","","","","","","","","","","","","","","","","","","","","","","","","","","","","","","","","","","3.5","3.5","3","3","3","3.5","3.5","3.5","3.5","","","","","","","",
"Ghana","GHA","Calificación de transparencia, responsabilidad y corrupción en el sector público de la CPIA (1=bajo a 6=alto)","IQ.CPA.TRAN.XQ","","","","","","","","","","","","","","","","","","","","","","","","","","","","","","","","","","","","","","","","","","","","","","3.5","4","4","4","4","4","4","4","4","3.5","3.5","3","3.5","3.5","3.5","",
"Gibraltar","GIB","Calificación de transparencia, responsabilidad y corrupción en el sector público de la CPIA (1=bajo a 6=alto)","IQ.CPA.TRAN.XQ","","","","","","","","","","","","","","","","","","","","","","","","","","","","","","","","","","","","","","","","","","","","","","","","","","","","","","","","","","","","","",
"Guinea","GIN","Calificación de transparencia, responsabilidad y corrupción en el sector público de la CPIA (1=bajo a 6=alto)","IQ.CPA.TRAN.XQ","","","","","","","","","","","","","","","","","","","","","","","","","","","","","","","","","","","","","","","","","","","","","","2.5","2.5","2.5","2","2","2","2","2","2.5","2.5","2.5","2.5","2.5","2.5","2.5","",
"Gambia","GMB","Calificación de transparencia, responsabilidad y corrupción en el sector público de la CPIA (1=bajo a 6=alto)","IQ.CPA.TRAN.XQ","","","","","","","","","","","","","","","","","","","","","","","","","","","","","","","","","","","","","","","","","","","","","","2","2","2","2","2","2","2.5","2","2","2","2","2","2","2.5","2.5","",
"Guinea-Bissau","GNB","Calificación de transparencia, responsabilidad y corrupción en el sector público de la CPIA (1=bajo a 6=alto)","IQ.CPA.TRAN.XQ","","","","","","","","","","","","","","","","","","","","","","","","","","","","","","","","","","","","","","","","","","","","","","2.5","2.5","2.5","2.5","2.5","2.5","2.5","2","2","2","2","2","1.5","1.5","1.5","",
"Guinea Ecuatorial","GNQ","Calificación de transparencia, responsabilidad y corrupción en el sector público de la CPIA (1=bajo a 6=alto)","IQ.CPA.TRAN.XQ","","","","","","","","","","","","","","","","","","","","","","","","","","","","","","","","","","","","","","","","","","","","","","","","","","","","","","","","","","","","","",
"Grecia","GRC","Calificación de transparencia, responsabilidad y corrupción en el sector público de la CPIA (1=bajo a 6=alto)","IQ.CPA.TRAN.XQ","","","","","","","","","","","","","","","","","","","","","","","","","","","","","","","","","","","","","","","","","","","","","","","","","","","","","","","","","","","","","",
"Granada","GRD","Calificación de transparencia, responsabilidad y corrupción en el sector público de la CPIA (1=bajo a 6=alto)","IQ.CPA.TRAN.XQ","","","","","","","","","","","","","","","","","","","","","","","","","","","","","","","","","","","","","","","","","","","","","","4","4","4","4","4","4","4","4","4","4","4","4","4","4","4","",
"Groenlandia","GRL","Calificación de transparencia, responsabilidad y corrupción en el sector público de la CPIA (1=bajo a 6=alto)","IQ.CPA.TRAN.XQ","","","","","","","","","","","","","","","","","","","","","","","","","","","","","","","","","","","","","","","","","","","","","","","","","","","","","","","","","","","","","",
"Guatemala","GTM","Calificación de transparencia, responsabilidad y corrupción en el sector público de la CPIA (1=bajo a 6=alto)","IQ.CPA.TRAN.XQ","","","","","","","","","","","","","","","","","","","","","","","","","","","","","","","","","","","","","","","","","","","","","","","","","","","","","","","","","","","","","",
"Guam","GUM","Calificación de transparencia, responsabilidad y corrupción en el sector público de la CPIA (1=bajo a 6=alto)","IQ.CPA.TRAN.XQ","","","","","","","","","","","","","","","","","","","","","","","","","","","","","","","","","","","","","","","","","","","","","","","","","","","","","","","","","","","","","",
"Guyana","GUY","Calificación de transparencia, responsabilidad y corrupción en el sector público de la CPIA (1=bajo a 6=alto)","IQ.CPA.TRAN.XQ","","","","","","","","","","","","","","","","","","","","","","","","","","","","","","","","","","","","","","","","","","","","","","3","3","3","3","3","2.5","2.5","2.5","3","3","3","3","3","3","3","",
"Ingreso alto","HIC","Calificación de transparencia, responsabilidad y corrupción en el sector público de la CPIA (1=bajo a 6=alto)","IQ.CPA.TRAN.XQ","","","","","","","","","","","","","","","","","","","","","","","","","","","","","","","","","","","","","","","","","","","","","","","","","","","","","","","","","","","","","",
"Hong Kong, Región Administrativa Especial","HKG","Calificación de transparencia, responsabilidad y corrupción en el sector público de la CPIA (1=bajo a 6=alto)","IQ.CPA.TRAN.XQ","","","","","","","","","","","","","","","","","","","","","","","","","","","","","","","","","","","","","","","","","","","","","","","","","","","","","","","","","","","","","",
"Honduras","HND","Calificación de transparencia, responsabilidad y corrupción en el sector público de la CPIA (1=bajo a 6=alto)","IQ.CPA.TRAN.XQ","","","","","","","","","","","","","","","","","","","","","","","","","","","","","","","","","","","","","","","","","","","","","","3","3","3","3","3","3","3","3","3","3","3","3","3","3","2.5","",
"Países pobres muy endeudados (PPME)","HPC","Calificación de transparencia, responsabilidad y corrupción en el sector público de la CPIA (1=bajo a 6=alto)","IQ.CPA.TRAN.XQ","","","","","","","","","","","","","","","","","","","","","","","","","","","","","","","","","","","","","","","","","","","","","","2.77777777777778","2.75675675675676","2.74324324324324","2.71621621621622","2.69736842105263","2.65789473684211","2.72368421052632","2.67105263157895","2.69736842105263","2.73684210526316","2.69736842105263","2.66216216216216","2.63157894736842","2.66216216216216","2.65789473684211","",
"Croacia","HRV","Calificación de transparencia, responsabilidad y corrupción en el sector público de la CPIA (1=bajo a 6=alto)","IQ.CPA.TRAN.XQ","","","","","","","","","","","","","","","","","","","","","","","","","","","","","","","","","","","","","","","","","","","","","","","","","","","","","","","","","","","","","",
"Haití","HTI","Calificación de transparencia, responsabilidad y corrupción en el sector público de la CPIA (1=bajo a 6=alto)","IQ.CPA.TRAN.XQ","","","","","","","","","","","","","","","","","","","","","","","","","","","","","","","","","","","","","","","","","","","","","","2","2","2","2","2.5","2.5","2.5","2.5","2.5","2.5","2.5","2.5","2.5","2.5","2.5","",
"Hungría","HUN","Calificación de transparencia, responsabilidad y corrupción en el sector público de la CPIA (1=bajo a 6=alto)","IQ.CPA.TRAN.XQ","","","","","","","","","","","","","","","","","","","","","","","","","","","","","","","","","","","","","","","","","","","","","","","","","","","","","","","","","","","","","",
"Sólo BIRF","IBD","Calificación de transparencia, responsabilidad y corrupción en el sector público de la CPIA (1=bajo a 6=alto)","IQ.CPA.TRAN.XQ","","","","","","","","","","","","","","","","","","","","","","","","","","","","","","","","","","","","","","","","","","","","","","2.96428571428571","3","3.04545454545455","3","3","3.04545454545455","3.2","3.25","3.25","3.2","3","3","3","2.75","2.83333333333333","",
"BIRF y la AIF","IBT","Calificación de transparencia, responsabilidad y corrupción en el sector público de la CPIA (1=bajo a 6=alto)","IQ.CPA.TRAN.XQ","","","","","","","","","","","","","","","","","","","","","","","","","","","","","","","","","","","","","","","","","","","","","","2.88815789473684","2.87179487179487","2.88","2.86666666666667","2.87012987012987","2.85064935064935","2.92307692307692","2.90625","2.91358024691358","2.90789473684211","2.88157894736842","2.85616438356164","2.82432432432432","2.84246575342466","2.84666666666667","",
"total de la AIF","IDA","Calificación de transparencia, responsabilidad y corrupción en el sector público de la CPIA (1=bajo a 6=alto)","IQ.CPA.TRAN.XQ","","","","","","","","","","","","","","","","","","","","","","","","","","","","","","","","","","","","","","","","","","","","","","2.87096774193548","2.84375","2.8515625","2.84375","2.84848484848485","2.81818181818182","2.88235294117647","2.85714285714286","2.86619718309859","2.88732394366197","2.87323943661972","2.85211267605634","2.81944444444444","2.84507042253521","2.84722222222222","",
"mezcla de la AIF","IDB","Calificación de transparencia, responsabilidad y corrupción en el sector público de la CPIA (1=bajo a 6=alto)","IQ.CPA.TRAN.XQ","","","","","","","","","","","","","","","","","","","","","","","","","","","","","","","","","","","","","","","","","","","","","","3.11538461538462","3.07142857142857","3.07142857142857","3.07142857142857","3.10714285714286","3.10714285714286","3.10714285714286","3.07142857142857","3.07142857142857","3.07142857142857","3.14285714285714","3.10714285714286","3.10714285714286","3.21428571428571","3.21428571428571","",
"Indonesia","IDN","Calificación de transparencia, responsabilidad y corrupción en el sector público de la CPIA (1=bajo a 6=alto)","IQ.CPA.TRAN.XQ","","","","","","","","","","","","","","","","","","","","","","","","","","","","","","","","","","","","","","","","","","","","","","3","3","","","","","","","","","","","","","","",
"Sólo AIF","IDX","Calificación de transparencia, responsabilidad y corrupción en el sector público de la CPIA (1=bajo a 6=alto)","IQ.CPA.TRAN.XQ","","","","","","","","","","","","","","","","","","","","","","","","","","","","","","","","","","","","","","","","","","","","","","2.80612244897959","2.78","2.79","2.78","2.77884615384615","2.74038461538462","2.82407407407407","2.80357142857143","2.81578947368421","2.84210526315789","2.80701754385965","2.78947368421053","2.75","2.75438596491228","2.75862068965517","",
"Isla de Man","IMN","Calificación de transparencia, responsabilidad y corrupción en el sector público de la CPIA (1=bajo a 6=alto)","IQ.CPA.TRAN.XQ","","","","","","","","","","","","","","","","","","","","","","","","","","","","","","","","","","","","","","","","","","","","","","","","","","","","","","","","","","","","","",
"India","IND","Calificación de transparencia, responsabilidad y corrupción en el sector público de la CPIA (1=bajo a 6=alto)","IQ.CPA.TRAN.XQ","","","","","","","","","","","","","","","","","","","","","","","","","","","","","","","","","","","","","","","","","","","","","","3.5","3.5","3.5","3.5","3.5","3.5","3.5","3.5","3.5","","","","","","","",
"No clasificado","INX","Calificación de transparencia, responsabilidad y corrupción en el sector público de la CPIA (1=bajo a 6=alto)","IQ.CPA.TRAN.XQ","","","","","","","","","","","","","","","","","","","","","","","","","","","","","","","","","","","","","","","","","","","","","","","","","","","","","","","","","","","","","",
"Irlanda","IRL","Calificación de transparencia, responsabilidad y corrupción en el sector público de la CPIA (1=bajo a 6=alto)","IQ.CPA.TRAN.XQ","","","","","","","","","","","","","","","","","","","","","","","","","","","","","","","","","","","","","","","","","","","","","","","","","","","","","","","","","","","","","",
"Irán, República Islámica del","IRN","Calificación de transparencia, responsabilidad y corrupción en el sector público de la CPIA (1=bajo a 6=alto)","IQ.CPA.TRAN.XQ","","","","","","","","","","","","","","","","","","","","","","","","","","","","","","","","","","","","","","","","","","","","","","","","","","","","","","","","","","","","","",
"Iraq","IRQ","Calificación de transparencia, responsabilidad y corrupción en el sector público de la CPIA (1=bajo a 6=alto)","IQ.CPA.TRAN.XQ","","","","","","","","","","","","","","","","","","","","","","","","","","","","","","","","","","","","","","","","","","","","","","","","","","","","","","","","","","","","","",
"Islandia","ISL","Calificación de transparencia, responsabilidad y corrupción en el sector público de la CPIA (1=bajo a 6=alto)","IQ.CPA.TRAN.XQ","","","","","","","","","","","","","","","","","","","","","","","","","","","","","","","","","","","","","","","","","","","","","","","","","","","","","","","","","","","","","",
"Israel","ISR","Calificación de transparencia, responsabilidad y corrupción en el sector público de la CPIA (1=bajo a 6=alto)","IQ.CPA.TRAN.XQ","","","","","","","","","","","","","","","","","","","","","","","","","","","","","","","","","","","","","","","","","","","","","","","","","","","","","","","","","","","","","",
"Italia","ITA","Calificación de transparencia, responsabilidad y corrupción en el sector público de la CPIA (1=bajo a 6=alto)","IQ.CPA.TRAN.XQ","","","","","","","","","","","","","","","","","","","","","","","","","","","","","","","","","","","","","","","","","","","","","","","","","","","","","","","","","","","","","",
"Jamaica","JAM","Calificación de transparencia, responsabilidad y corrupción en el sector público de la CPIA (1=bajo a 6=alto)","IQ.CPA.TRAN.XQ","","","","","","","","","","","","","","","","","","","","","","","","","","","","","","","","","","","","","","","","","","","","","","","","","","","","","","","","","","","","","",
"Jordania","JOR","Calificación de transparencia, responsabilidad y corrupción en el sector público de la CPIA (1=bajo a 6=alto)","IQ.CPA.TRAN.XQ","","","","","","","","","","","","","","","","","","","","","","","","","","","","","","","","","","","","","","","","","","","","","","","","","","","","","","","","","","","","","",
"Japón","JPN","Calificación de transparencia, responsabilidad y corrupción en el sector público de la CPIA (1=bajo a 6=alto)","IQ.CPA.TRAN.XQ","","","","","","","","","","","","","","","","","","","","","","","","","","","","","","","","","","","","","","","","","","","","","","","","","","","","","","","","","","","","","",
"Kazajstán","KAZ","Calificación de transparencia, responsabilidad y corrupción en el sector público de la CPIA (1=bajo a 6=alto)","IQ.CPA.TRAN.XQ","","","","","","","","","","","","","","","","","","","","","","","","","","","","","","","","","","","","","","","","","","","","","","","","","","","","","","","","","","","","","",
"Kenya","KEN","Calificación de transparencia, responsabilidad y corrupción en el sector público de la CPIA (1=bajo a 6=alto)","IQ.CPA.TRAN.XQ","","","","","","","","","","","","","","","","","","","","","","","","","","","","","","","","","","","","","","","","","","","","","","3","3","3","3","3","3","3","3","3","3","3","3","3","3","3","",
"Kirguistán","KGZ","Calificación de transparencia, responsabilidad y corrupción en el sector público de la CPIA (1=bajo a 6=alto)","IQ.CPA.TRAN.XQ","","","","","","","","","","","","","","","","","","","","","","","","","","","","","","","","","","","","","","","","","","","","","","2.5","2.5","2.5","2.5","2.5","2.5","2.5","3","3","3","3","3","3","3","3","",
"Camboya","KHM","Calificación de transparencia, responsabilidad y corrupción en el sector público de la CPIA (1=bajo a 6=alto)","IQ.CPA.TRAN.XQ","","","","","","","","","","","","","","","","","","","","","","","","","","","","","","","","","","","","","","","","","","","","","","2.5","2.5","2.5","2.5","2","2","2","2","2","2","2","2","2","1.5","1.5","",
"Kiribati","KIR","Calificación de transparencia, responsabilidad y corrupción en el sector público de la CPIA (1=bajo a 6=alto)","IQ.CPA.TRAN.XQ","","","","","","","","","","","","","","","","","","","","","","","","","","","","","","","","","","","","","","","","","","","","","","3.5","3.5","3.5","3","3","3","3.5","3.5","3.5","3.5","3.5","3.5","3.5","3.5","3.5","",
"Saint Kitts y Nevis","KNA","Calificación de transparencia, responsabilidad y corrupción en el sector público de la CPIA (1=bajo a 6=alto)","IQ.CPA.TRAN.XQ","","","","","","","","","","","","","","","","","","","","","","","","","","","","","","","","","","","","","","","","","","","","","","","","","","","","","","","","","","","","","",
"Corea, República de","KOR","Calificación de transparencia, responsabilidad y corrupción en el sector público de la CPIA (1=bajo a 6=alto)","IQ.CPA.TRAN.XQ","","","","","","","","","","","","","","","","","","","","","","","","","","","","","","","","","","","","","","","","","","","","","","","","","","","","","","","","","","","","","",
"Kuwait","KWT","Calificación de transparencia, responsabilidad y corrupción en el sector público de la CPIA (1=bajo a 6=alto)","IQ.CPA.TRAN.XQ","","","","","","","","","","","","","","","","","","","","","","","","","","","","","","","","","","","","","","","","","","","","","","","","","","","","","","","","","","","","","",
"América Latina y el Caribe (excluido altos ingresos)","LAC","Calificación de transparencia, responsabilidad y corrupción en el sector público de la CPIA (1=bajo a 6=alto)","IQ.CPA.TRAN.XQ","","","","","","","","","","","","","","","","","","","","","","","","","","","","","","","","","","","","","","","","","","","","","","3.44444444444444","3.44444444444444","3.44444444444444","3.44444444444444","3.5","3.38888888888889","3.38888888888889","3.38888888888889","3.5","3.5","3.44444444444444","3.4375","3.4375","3.4375","3.375","",
"República Democrática Popular Lao","LAO","Calificación de transparencia, responsabilidad y corrupción en el sector público de la CPIA (1=bajo a 6=alto)","IQ.CPA.TRAN.XQ","","","","","","","","","","","","","","","","","","","","","","","","","","","","","","","","","","","","","","","","","","","","","","2","2","2","2","2","2.5","2.5","2.5","2.5","2.5","2.5","2.5","2.5","2.5","2.5","",
"Líbano","LBN","Calificación de transparencia, responsabilidad y corrupción en el sector público de la CPIA (1=bajo a 6=alto)","IQ.CPA.TRAN.XQ","","","","","","","","","","","","","","","","","","","","","","","","","","","","","","","","","","","","","","","","","","","","","","","","","","","","","","","","","","","","","",
"Liberia","LBR","Calificación de transparencia, responsabilidad y corrupción en el sector público de la CPIA (1=bajo a 6=alto)","IQ.CPA.TRAN.XQ","","","","","","","","","","","","","","","","","","","","","","","","","","","","","","","","","","","","","","","","","","","","","","","","","","3","3","3","3","3","3","3","3","3","2.5","2.5","",
"Libia","LBY","Calificación de transparencia, responsabilidad y corrupción en el sector público de la CPIA (1=bajo a 6=alto)","IQ.CPA.TRAN.XQ","","","","","","","","","","","","","","","","","","","","","","","","","","","","","","","","","","","","","","","","","","","","","","","","","","","","","","","","","","","","","",
"Santa Lucía","LCA","Calificación de transparencia, responsabilidad y corrupción en el sector público de la CPIA (1=bajo a 6=alto)","IQ.CPA.TRAN.XQ","","","","","","","","","","","","","","","","","","","","","","","","","","","","","","","","","","","","","","","","","","","","","","4.5","4.5","4.5","4.5","4.5","4.5","4.5","4.5","4.5","4.5","4.5","4.5","4.5","4.5","4.5","",
"América Latina y el Caribe","LCN","Calificación de transparencia, responsabilidad y corrupción en el sector público de la CPIA (1=bajo a 6=alto)","IQ.CPA.TRAN.XQ","","","","","","","","","","","","","","","","","","","","","","","","","","","","","","","","","","","","","","","","","","","","","","3.44444444444444","3.44444444444444","3.44444444444444","3.44444444444444","3.5","3.38888888888889","3.38888888888889","3.38888888888889","3.5","3.5","3.44444444444444","3.4375","3.4375","3.4375","3.375","",
"Países menos desarrollados: clasificación de las Naciones Unidas","LDC","Calificación de transparencia, responsabilidad y corrupción en el sector público de la CPIA (1=bajo a 6=alto)","IQ.CPA.TRAN.XQ","","","","","","","","","","","","","","","","","","","","","","","","","","","","","","","","","","","","","","","","","","","","","","2.7875","2.77380952380952","2.77380952380952","2.72619047619048","2.7093023255814","2.69767441860465","2.74418604651163","2.7","2.68478260869565","2.73333333333333","2.68888888888889","2.68888888888889","2.64130434782609","2.65555555555556","2.66304347826087","",
"Países de ingreso bajo","LIC","Calificación de transparencia, responsabilidad y corrupción en el sector público de la CPIA (1=bajo a 6=alto)","IQ.CPA.TRAN.XQ","","","","","","","","","","","","","","","","","","","","","","","","","","","","","","","","","","","","","","","","","","","","","","2.6304347826087","2.58333333333333","2.54166666666667","2.52083333333333","2.5","2.52","2.58","2.46153846153846","2.44230769230769","2.5","2.42307692307692","2.42307692307692","2.37037037037037","2.42307692307692","2.40740740740741","",
"Liechtenstein","LIE","Calificación de transparencia, responsabilidad y corrupción en el sector público de la CPIA (1=bajo a 6=alto)","IQ.CPA.TRAN.XQ","","","","","","","","","","","","","","","","","","","","","","","","","","","","","","","","","","","","","","","","","","","","","","","","","","","","","","","","","","","","","",
"Sri Lanka","LKA","Calificación de transparencia, responsabilidad y corrupción en el sector público de la CPIA (1=bajo a 6=alto)","IQ.CPA.TRAN.XQ","","","","","","","","","","","","","","","","","","","","","","","","","","","","","","","","","","","","","","","","","","","","","","3.5","3.5","3","3","3","3","3","3","3","3","3","","","","3","",
"Países de ingreso mediano bajo","LMC","Calificación de transparencia, responsabilidad y corrupción en el sector público de la CPIA (1=bajo a 6=alto)","IQ.CPA.TRAN.XQ","","","","","","","","","","","","","","","","","","","","","","","","","","","","","","","","","","","","","","","","","","","","","","2.89473684210526","2.91025641025641","2.93589743589744","2.91025641025641","2.92307692307692","2.87179487179487","2.95","2.9875","3","2.97435897435897","2.97435897435897","2.93055555555556","2.93055555555556","2.91666666666667","2.93243243243243","",
"Ingreso mediano y bajo","LMY","Calificación de transparencia, responsabilidad y corrupción en el sector público de la CPIA (1=bajo a 6=alto)","IQ.CPA.TRAN.XQ","","","","","","","","","","","","","","","","","","","","","","","","","","","","","","","","","","","","","","","","","","","","","","2.88815789473684","2.87179487179487","2.88","2.86666666666667","2.87012987012987","2.85064935064935","2.92307692307692","2.90625","2.91358024691358","2.90789473684211","2.88157894736842","2.85616438356164","2.82432432432432","2.84246575342466","2.84666666666667","",
"Lesotho","LSO","Calificación de transparencia, responsabilidad y corrupción en el sector público de la CPIA (1=bajo a 6=alto)","IQ.CPA.TRAN.XQ","","","","","","","","","","","","","","","","","","","","","","","","","","","","","","","","","","","","","","","","","","","","","","3.5","3.5","3.5","3.5","3.5","3.5","3.5","3.5","3.5","3","3","3","3","3","3","",
"avanzada del dividendo demográfico","LTE","Calificación de transparencia, responsabilidad y corrupción en el sector público de la CPIA (1=bajo a 6=alto)","IQ.CPA.TRAN.XQ","","","","","","","","","","","","","","","","","","","","","","","","","","","","","","","","","","","","","","","","","","","","","","3.11538461538462","3.11538461538462","3.18181818181818","3.13636363636364","3.13636363636364","3.13636363636364","3.3","3.4","3.45","3.375","3.3125","3.41666666666667","3.41666666666667","3.33333333333333","3.28571428571429","",
"Lituania","LTU","Calificación de transparencia, responsabilidad y corrupción en el sector público de la CPIA (1=bajo a 6=alto)","IQ.CPA.TRAN.XQ","","","","","","","","","","","","","","","","","","","","","","","","","","","","","","","","","","","","","","","","","","","","","","","","","","","","","","","","","","","","","",
"Luxemburgo","LUX","Calificación de transparencia, responsabilidad y corrupción en el sector público de la CPIA (1=bajo a 6=alto)","IQ.CPA.TRAN.XQ","","","","","","","","","","","","","","","","","","","","","","","","","","","","","","","","","","","","","","","","","","","","","","","","","","","","","","","","","","","","","",
"Letonia","LVA","Calificación de transparencia, responsabilidad y corrupción en el sector público de la CPIA (1=bajo a 6=alto)","IQ.CPA.TRAN.XQ","","","","","","","","","","","","","","","","","","","","","","","","","","","","","","","","","","","","","","","","","","","","","","","","","","","","","","","","","","","","","",
"Región Administrativa Especial de Macao, China","MAC","Calificación de transparencia, responsabilidad y corrupción en el sector público de la CPIA (1=bajo a 6=alto)","IQ.CPA.TRAN.XQ","","","","","","","","","","","","","","","","","","","","","","","","","","","","","","","","","","","","","","","","","","","","","","","","","","","","","","","","","","","","","",
"Isla de San Martín (parte francesa)","MAF","Calificación de transparencia, responsabilidad y corrupción en el sector público de la CPIA (1=bajo a 6=alto)","IQ.CPA.TRAN.XQ","","","","","","","","","","","","","","","","","","","","","","","","","","","","","","","","","","","","","","","","","","","","","","","","","","","","","","","","","","","","","",
"Marruecos","MAR","Calificación de transparencia, responsabilidad y corrupción en el sector público de la CPIA (1=bajo a 6=alto)","IQ.CPA.TRAN.XQ","","","","","","","","","","","","","","","","","","","","","","","","","","","","","","","","","","","","","","","","","","","","","","","","","","","","","","","","","","","","","",
"Mónaco","MCO","Calificación de transparencia, responsabilidad y corrupción en el sector público de la CPIA (1=bajo a 6=alto)","IQ.CPA.TRAN.XQ","","","","","","","","","","","","","","","","","","","","","","","","","","","","","","","","","","","","","","","","","","","","","","","","","","","","","","","","","","","","","",
"República de Moldova","MDA","Calificación de transparencia, responsabilidad y corrupción en el sector público de la CPIA (1=bajo a 6=alto)","IQ.CPA.TRAN.XQ","","","","","","","","","","","","","","","","","","","","","","","","","","","","","","","","","","","","","","","","","","","","","","3","3","3","3","3","3","3.5","3.5","3.5","3","2.5","2.5","2.5","2.5","2.5","",
"Madagascar","MDG","Calificación de transparencia, responsabilidad y corrupción en el sector público de la CPIA (1=bajo a 6=alto)","IQ.CPA.TRAN.XQ","","","","","","","","","","","","","","","","","","","","","","","","","","","","","","","","","","","","","","","","","","","","","","3.5","3.5","3.5","3.5","2.5","2.5","2.5","2.5","2","2.5","2.5","2.5","2.5","2.5","2.5","",
"Maldivas","MDV","Calificación de transparencia, responsabilidad y corrupción en el sector público de la CPIA (1=bajo a 6=alto)","IQ.CPA.TRAN.XQ","","","","","","","","","","","","","","","","","","","","","","","","","","","","","","","","","","","","","","","","","","","","","","3","2.5","2.5","2.5","3","3","3","3","3","3","3","3","2.5","2.5","3","",
"Oriente Medio y Norte de África","MEA","Calificación de transparencia, responsabilidad y corrupción en el sector público de la CPIA (1=bajo a 6=alto)","IQ.CPA.TRAN.XQ","","","","","","","","","","","","","","","","","","","","","","","","","","","","","","","","","","","","","","","","","","","","","","2.75","2.75","2.75","2.75","2.75","2.5","2.5","2.25","2.25","2.25","2","2","2","2","2","",
"México","MEX","Calificación de transparencia, responsabilidad y corrupción en el sector público de la CPIA (1=bajo a 6=alto)","IQ.CPA.TRAN.XQ","","","","","","","","","","","","","","","","","","","","","","","","","","","","","","","","","","","","","","","","","","","","","","","","","","","","","","","","","","","","","",
"Islas Marshall","MHL","Calificación de transparencia, responsabilidad y corrupción en el sector público de la CPIA (1=bajo a 6=alto)","IQ.CPA.TRAN.XQ","","","","","","","","","","","","","","","","","","","","","","","","","","","","","","","","","","","","","","","","","","","","","","","","","","","","3.5","3.5","3.5","3.5","3.5","3.5","3.5","3.5","3.5","",
" Ingreso mediano","MIC","Calificación de transparencia, responsabilidad y corrupción en el sector público de la CPIA (1=bajo a 6=alto)","IQ.CPA.TRAN.XQ","","","","","","","","","","","","","","","","","","","","","","","","","","","","","","","","","","","","","","","","","","","","","","3","3","3.03921568627451","3.02941176470588","3.04807692307692","3.00961538461538","3.08490566037736","3.12037037037037","3.13636363636364","3.12","3.12","3.09574468085106","3.08510638297872","3.07446808510638","3.09375","",
"Macedonia del Norte","MKD","Calificación de transparencia, responsabilidad y corrupción en el sector público de la CPIA (1=bajo a 6=alto)","IQ.CPA.TRAN.XQ","","","","","","","","","","","","","","","","","","","","","","","","","","","","","","","","","","","","","","","","","","","","","","","","","","","","","","","","","","","","","",
"Malí","MLI","Calificación de transparencia, responsabilidad y corrupción en el sector público de la CPIA (1=bajo a 6=alto)","IQ.CPA.TRAN.XQ","","","","","","","","","","","","","","","","","","","","","","","","","","","","","","","","","","","","","","","","","","","","","","3.5","3.5","3.5","3.5","3.5","3.5","3.5","3","3","3","3","3","3","3","3","",
"Malta","MLT","Calificación de transparencia, responsabilidad y corrupción en el sector público de la CPIA (1=bajo a 6=alto)","IQ.CPA.TRAN.XQ","","","","","","","","","","","","","","","","","","","","","","","","","","","","","","","","","","","","","","","","","","","","","","","","","","","","","","","","","","","","","",
"Myanmar","MMR","Calificación de transparencia, responsabilidad y corrupción en el sector público de la CPIA (1=bajo a 6=alto)","IQ.CPA.TRAN.XQ","","","","","","","","","","","","","","","","","","","","","","","","","","","","","","","","","","","","","","","","","","","","","","","","","","","","","","2.5","3","3","3","2.5","2.5","2.5","",
"Oriente Medio y Norte de África (excluido altos ingresos)","MNA","Calificación de transparencia, responsabilidad y corrupción en el sector público de la CPIA (1=bajo a 6=alto)","IQ.CPA.TRAN.XQ","","","","","","","","","","","","","","","","","","","","","","","","","","","","","","","","","","","","","","","","","","","","","","2.75","2.75","2.75","2.75","2.75","2.5","2.5","2.25","2.25","2.25","2","2","2","2","2","",
"Montenegro","MNE","Calificación de transparencia, responsabilidad y corrupción en el sector público de la CPIA (1=bajo a 6=alto)","IQ.CPA.TRAN.XQ","","","","","","","","","","","","","","","","","","","","","","","","","","","","","","","","","","","","","","","","","","","","","","","","","","","","","","","","","","","","","",
"Mongolia","MNG","Calificación de transparencia, responsabilidad y corrupción en el sector público de la CPIA (1=bajo a 6=alto)","IQ.CPA.TRAN.XQ","","","","","","","","","","","","","","","","","","","","","","","","","","","","","","","","","","","","","","","","","","","","","","2.5","2.5","3","3","3","3","3.5","3.5","3.5","3.5","3.5","3.5","3.5","3","3","",
"Mariana","MNP","Calificación de transparencia, responsabilidad y corrupción en el sector público de la CPIA (1=bajo a 6=alto)","IQ.CPA.TRAN.XQ","","","","","","","","","","","","","","","","","","","","","","","","","","","","","","","","","","","","","","","","","","","","","","","","","","","","","","","","","","","","","",
"Mozambique","MOZ","Calificación de transparencia, responsabilidad y corrupción en el sector público de la CPIA (1=bajo a 6=alto)","IQ.CPA.TRAN.XQ","","","","","","","","","","","","","","","","","","","","","","","","","","","","","","","","","","","","","","","","","","","","","","3","3","3","3","3","3","3","3","3","3","2.5","2.5","2.5","2.5","2.5","",
"Mauritania","MRT","Calificación de transparencia, responsabilidad y corrupción en el sector público de la CPIA (1=bajo a 6=alto)","IQ.CPA.TRAN.XQ","","","","","","","","","","","","","","","","","","","","","","","","","","","","","","","","","","","","","","","","","","","","","","2.5","2.5","3","2.5","2.5","2.5","2.5","2.5","2.5","3","3","3","3","3","3","",
"Mauricio","MUS","Calificación de transparencia, responsabilidad y corrupción en el sector público de la CPIA (1=bajo a 6=alto)","IQ.CPA.TRAN.XQ","","","","","","","","","","","","","","","","","","","","","","","","","","","","","","","","","","","","","","","","","","","","","","","","","","","","","","","","","","","","","",
"Malawi","MWI","Calificación de transparencia, responsabilidad y corrupción en el sector público de la CPIA (1=bajo a 6=alto)","IQ.CPA.TRAN.XQ","","","","","","","","","","","","","","","","","","","","","","","","","","","","","","","","","","","","","","","","","","","","","","3","3","3","3","3","3","3","3","2.5","2.5","2.5","2.5","2.5","2.5","2.5","",
"Malasia","MYS","Calificación de transparencia, responsabilidad y corrupción en el sector público de la CPIA (1=bajo a 6=alto)","IQ.CPA.TRAN.XQ","","","","","","","","","","","","","","","","","","","","","","","","","","","","","","","","","","","","","","","","","","","","","","","","","","","","","","","","","","","","","",
"América del Norte","NAC","Calificación de transparencia, responsabilidad y corrupción en el sector público de la CPIA (1=bajo a 6=alto)","IQ.CPA.TRAN.XQ","","","","","","","","","","","","","","","","","","","","","","","","","","","","","","","","","","","","","","","","","","","","","","","","","","","","","","","","","","","","","",
"Namibia","NAM","Calificación de transparencia, responsabilidad y corrupción en el sector público de la CPIA (1=bajo a 6=alto)","IQ.CPA.TRAN.XQ","","","","","","","","","","","","","","","","","","","","","","","","","","","","","","","","","","","","","","","","","","","","","","","","","","","","","","","","","","","","","",
"Nueva Caledonia","NCL","Calificación de transparencia, responsabilidad y corrupción en el sector público de la CPIA (1=bajo a 6=alto)","IQ.CPA.TRAN.XQ","","","","","","","","","","","","","","","","","","","","","","","","","","","","","","","","","","","","","","","","","","","","","","","","","","","","","","","","","","","","","",
"Níger","NER","Calificación de transparencia, responsabilidad y corrupción en el sector público de la CPIA (1=bajo a 6=alto)","IQ.CPA.TRAN.XQ","","","","","","","","","","","","","","","","","","","","","","","","","","","","","","","","","","","","","","","","","","","","","","3","3","3","3","2.5","3","3","3","3","3","3","3","3","3","3","",
"Nigeria","NGA","Calificación de transparencia, responsabilidad y corrupción en el sector público de la CPIA (1=bajo a 6=alto)","IQ.CPA.TRAN.XQ","","","","","","","","","","","","","","","","","","","","","","","","","","","","","","","","","","","","","","","","","","","","","","3","3","3","3","3","3","3","3","3","3","3","3","3","3","3","",
"Nicaragua","NIC","Calificación de transparencia, responsabilidad y corrupción en el sector público de la CPIA (1=bajo a 6=alto)","IQ.CPA.TRAN.XQ","","","","","","","","","","","","","","","","","","","","","","","","","","","","","","","","","","","","","","","","","","","","","","3.5","3","3","3","3","2.5","2.5","2.5","3","3","3","2.5","2.5","2.5","2.5","",
"Países Bajos","NLD","Calificación de transparencia, responsabilidad y corrupción en el sector público de la CPIA (1=bajo a 6=alto)","IQ.CPA.TRAN.XQ","","","","","","","","","","","","","","","","","","","","","","","","","","","","","","","","","","","","","","","","","","","","","","","","","","","","","","","","","","","","","",
"Noruega","NOR","Calificación de transparencia, responsabilidad y corrupción en el sector público de la CPIA (1=bajo a 6=alto)","IQ.CPA.TRAN.XQ","","","","","","","","","","","","","","","","","","","","","","","","","","","","","","","","","","","","","","","","","","","","","","","","","","","","","","","","","","","","","",
"Nepal","NPL","Calificación de transparencia, responsabilidad y corrupción en el sector público de la CPIA (1=bajo a 6=alto)","IQ.CPA.TRAN.XQ","","","","","","","","","","","","","","","","","","","","","","","","","","","","","","","","","","","","","","","","","","","","","","2.5","3","3","3","3","2.5","3","3","3","3","3","3","3","3","3","",
"Nauru","NRU","Calificación de transparencia, responsabilidad y corrupción en el sector público de la CPIA (1=bajo a 6=alto)","IQ.CPA.TRAN.XQ","","","","","","","","","","","","","","","","","","","","","","","","","","","","","","","","","","","","","","","","","","","","","","","","","","","","","","","","","","","","","",
"Nueva Zelandia","NZL","Calificación de transparencia, responsabilidad y corrupción en el sector público de la CPIA (1=bajo a 6=alto)","IQ.CPA.TRAN.XQ","","","","","","","","","","","","","","","","","","","","","","","","","","","","","","","","","","","","","","","","","","","","","","","","","","","","","","","","","","","","","",
"Miembros OCDE","OED","Calificación de transparencia, responsabilidad y corrupción en el sector público de la CPIA (1=bajo a 6=alto)","IQ.CPA.TRAN.XQ","","","","","","","","","","","","","","","","","","","","","","","","","","","","","","","","","","","","","","","","","","","","","","","","","","","","","","","","","","","","","",
"Omán","OMN","Calificación de transparencia, responsabilidad y corrupción en el sector público de la CPIA (1=bajo a 6=alto)","IQ.CPA.TRAN.XQ","","","","","","","","","","","","","","","","","","","","","","","","","","","","","","","","","","","","","","","","","","","","","","","","","","","","","","","","","","","","","",
"Otros Estados pequeos","OSS","Calificación de transparencia, responsabilidad y corrupción en el sector público de la CPIA (1=bajo a 6=alto)","IQ.CPA.TRAN.XQ","","","","","","","","","","","","","","","","","","","","","","","","","","","","","","","","","","","","","","","","","","","","","","3.11111111111111","3.05","3.05","3.05","3.15","3.15","3.15","3.05","3.05","3","3","2.95","2.85","2.95","3.05","",
"Pakistán","PAK","Calificación de transparencia, responsabilidad y corrupción en el sector público de la CPIA (1=bajo a 6=alto)","IQ.CPA.TRAN.XQ","","","","","","","","","","","","","","","","","","","","","","","","","","","","","","","","","","","","","","","","","","","","","","2.5","2.5","2.5","2.5","2.5","2.5","2.5","2.5","2.5","2.5","3","3","3","3","3","",
"Panamá","PAN","Calificación de transparencia, responsabilidad y corrupción en el sector público de la CPIA (1=bajo a 6=alto)","IQ.CPA.TRAN.XQ","","","","","","","","","","","","","","","","","","","","","","","","","","","","","","","","","","","","","","","","","","","","","","","","","","","","","","","","","","","","","",
"Perú","PER","Calificación de transparencia, responsabilidad y corrupción en el sector público de la CPIA (1=bajo a 6=alto)","IQ.CPA.TRAN.XQ","","","","","","","","","","","","","","","","","","","","","","","","","","","","","","","","","","","","","","","","","","","","","","","","","","","","","","","","","","","","","",
"Filipinas","PHL","Calificación de transparencia, responsabilidad y corrupción en el sector público de la CPIA (1=bajo a 6=alto)","IQ.CPA.TRAN.XQ","","","","","","","","","","","","","","","","","","","","","","","","","","","","","","","","","","","","","","","","","","","","","","","","","","","","","","","","","","","","","",
"Palau","PLW","Calificación de transparencia, responsabilidad y corrupción en el sector público de la CPIA (1=bajo a 6=alto)","IQ.CPA.TRAN.XQ","","","","","","","","","","","","","","","","","","","","","","","","","","","","","","","","","","","","","","","","","","","","","","","","","","","","","","","","","","","","","",
"Papua Nueva Guinea","PNG","Calificación de transparencia, responsabilidad y corrupción en el sector público de la CPIA (1=bajo a 6=alto)","IQ.CPA.TRAN.XQ","","","","","","","","","","","","","","","","","","","","","","","","","","","","","","","","","","","","","","","","","","","","","","3","3","3","3","3","3","3","3","3","3","3","3","3","3","2.5","",
"Polonia","POL","Calificación de transparencia, responsabilidad y corrupción en el sector público de la CPIA (1=bajo a 6=alto)","IQ.CPA.TRAN.XQ","","","","","","","","","","","","","","","","","","","","","","","","","","","","","","","","","","","","","","","","","","","","","","","","","","","","","","","","","","","","","",
"previa al dividendo demográfico","PRE","Calificación de transparencia, responsabilidad y corrupción en el sector público de la CPIA (1=bajo a 6=alto)","IQ.CPA.TRAN.XQ","","","","","","","","","","","","","","","","","","","","","","","","","","","","","","","","","","","","","","","","","","","","","","2.71666666666667","2.6875","2.65625","2.625","2.59090909090909","2.57575757575758","2.62121212121212","2.54411764705882","2.54411764705882","2.60606060606061","2.56060606060606","2.56060606060606","2.51470588235294","2.54545454545455","2.57352941176471","",
"Puerto Rico","PRI","Calificación de transparencia, responsabilidad y corrupción en el sector público de la CPIA (1=bajo a 6=alto)","IQ.CPA.TRAN.XQ","","","","","","","","","","","","","","","","","","","","","","","","","","","","","","","","","","","","","","","","","","","","","","","","","","","","","","","","","","","","","",
"Corea, República Popular Democrática de","PRK","Calificación de transparencia, responsabilidad y corrupción en el sector público de la CPIA (1=bajo a 6=alto)","IQ.CPA.TRAN.XQ","","","","","","","","","","","","","","","","","","","","","","","","","","","","","","","","","","","","","","","","","","","","","","","","","","","","","","","","","","","","","",
"Portugal","PRT","Calificación de transparencia, responsabilidad y corrupción en el sector público de la CPIA (1=bajo a 6=alto)","IQ.CPA.TRAN.XQ","","","","","","","","","","","","","","","","","","","","","","","","","","","","","","","","","","","","","","","","","","","","","","","","","","","","","","","","","","","","","",
"Paraguay","PRY","Calificación de transparencia, responsabilidad y corrupción en el sector público de la CPIA (1=bajo a 6=alto)","IQ.CPA.TRAN.XQ","","","","","","","","","","","","","","","","","","","","","","","","","","","","","","","","","","","","","","","","","","","","","","","","","","","","","","","","","","","","","",
"Ribera Occidental y Gaza","PSE","Calificación de transparencia, responsabilidad y corrupción en el sector público de la CPIA (1=bajo a 6=alto)","IQ.CPA.TRAN.XQ","","","","","","","","","","","","","","","","","","","","","","","","","","","","","","","","","","","","","","","","","","","","","","","","","","","","","","","","","","","","","",
"Estados pequeos de las Islas del Pacfico","PSS","Calificación de transparencia, responsabilidad y corrupción en el sector público de la CPIA (1=bajo a 6=alto)","IQ.CPA.TRAN.XQ","","","","","","","","","","","","","","","","","","","","","","","","","","","","","","","","","","","","","","","","","","","","","","3.1","3.1","3.2","3.3","3.3","3.3","3.35714285714286","3.4375","3.4375","3.4375","3.4375","3.4375","3.4375","3.4375","3.4375","",
"posterior al dividendo demográfico","PST","Calificación de transparencia, responsabilidad y corrupción en el sector público de la CPIA (1=bajo a 6=alto)","IQ.CPA.TRAN.XQ","","","","","","","","","","","","","","","","","","","","","","","","","","","","","","","","","","","","","","","","","","","","","","3","3","3","3","3","3","3","3","3","","","","","","","",
"Polinesia Francesa","PYF","Calificación de transparencia, responsabilidad y corrupción en el sector público de la CPIA (1=bajo a 6=alto)","IQ.CPA.TRAN.XQ","","","","","","","","","","","","","","","","","","","","","","","","","","","","","","","","","","","","","","","","","","","","","","","","","","","","","","","","","","","","","",
"Qatar","QAT","Calificación de transparencia, responsabilidad y corrupción en el sector público de la CPIA (1=bajo a 6=alto)","IQ.CPA.TRAN.XQ","","","","","","","","","","","","","","","","","","","","","","","","","","","","","","","","","","","","","","","","","","","","","","","","","","","","","","","","","","","","","",
"Rumania","ROU","Calificación de transparencia, responsabilidad y corrupción en el sector público de la CPIA (1=bajo a 6=alto)","IQ.CPA.TRAN.XQ","","","","","","","","","","","","","","","","","","","","","","","","","","","","","","","","","","","","","","","","","","","","","","","","","","","","","","","","","","","","","",
"Federación de Rusia","RUS","Calificación de transparencia, responsabilidad y corrupción en el sector público de la CPIA (1=bajo a 6=alto)","IQ.CPA.TRAN.XQ","","","","","","","","","","","","","","","","","","","","","","","","","","","","","","","","","","","","","","","","","","","","","","","","","","","","","","","","","","","","","",
"Rwanda","RWA","Calificación de transparencia, responsabilidad y corrupción en el sector público de la CPIA (1=bajo a 6=alto)","IQ.CPA.TRAN.XQ","","","","","","","","","","","","","","","","","","","","","","","","","","","","","","","","","","","","","","","","","","","","","","3","3","3.5","3.5","3.5","3.5","3.5","3.5","3.5","3.5","3.5","3.5","3.5","3.5","3.5","",
"Asia meridional","SAS","Calificación de transparencia, responsabilidad y corrupción en el sector público de la CPIA (1=bajo a 6=alto)","IQ.CPA.TRAN.XQ","","","","","","","","","","","","","","","","","","","","","","","","","","","","","","","","","","","","","","","","","","","","","","3.07142857142857","3","2.9375","2.9375","3.0625","3","3","3","3","2.92857142857143","3","3","2.91666666666667","2.91666666666667","3","",
"Arabia Saudita","SAU","Calificación de transparencia, responsabilidad y corrupción en el sector público de la CPIA (1=bajo a 6=alto)","IQ.CPA.TRAN.XQ","","","","","","","","","","","","","","","","","","","","","","","","","","","","","","","","","","","","","","","","","","","","","","","","","","","","","","","","","","","","","",
"Sudán","SDN","Calificación de transparencia, responsabilidad y corrupción en el sector público de la CPIA (1=bajo a 6=alto)","IQ.CPA.TRAN.XQ","","","","","","","","","","","","","","","","","","","","","","","","","","","","","","","","","","","","","","","","","","","","","","2","2","2","2","1.5","1.5","1.5","1.5","1.5","1.5","1.5","1.5","1.5","1.5","1.5","",
"Senegal","SEN","Calificación de transparencia, responsabilidad y corrupción en el sector público de la CPIA (1=bajo a 6=alto)","IQ.CPA.TRAN.XQ","","","","","","","","","","","","","","","","","","","","","","","","","","","","","","","","","","","","","","","","","","","","","","3","3","3","3","3","3","3.5","3.5","3.5","3.5","3.5","3.5","3.5","3.5","3.5","",
"Singapur","SGP","Calificación de transparencia, responsabilidad y corrupción en el sector público de la CPIA (1=bajo a 6=alto)","IQ.CPA.TRAN.XQ","","","","","","","","","","","","","","","","","","","","","","","","","","","","","","","","","","","","","","","","","","","","","","","","","","","","","","","","","","","","","",
"Islas Salomón","SLB","Calificación de transparencia, responsabilidad y corrupción en el sector público de la CPIA (1=bajo a 6=alto)","IQ.CPA.TRAN.XQ","","","","","","","","","","","","","","","","","","","","","","","","","","","","","","","","","","","","","","","","","","","","","","3","3","3","3","3","3","3","3","3","3","3","3","3","3","3","",
"Sierra Leona","SLE","Calificación de transparencia, responsabilidad y corrupción en el sector público de la CPIA (1=bajo a 6=alto)","IQ.CPA.TRAN.XQ","","","","","","","","","","","","","","","","","","","","","","","","","","","","","","","","","","","","","","","","","","","","","","2.5","2.5","2.5","2.5","3","3","3","3","3","3","3","3","3","3","3","",
"El Salvador","SLV","Calificación de transparencia, responsabilidad y corrupción en el sector público de la CPIA (1=bajo a 6=alto)","IQ.CPA.TRAN.XQ","","","","","","","","","","","","","","","","","","","","","","","","","","","","","","","","","","","","","","","","","","","","","","","","","","","","","","","","","","","","","",
"San Marino","SMR","Calificación de transparencia, responsabilidad y corrupción en el sector público de la CPIA (1=bajo a 6=alto)","IQ.CPA.TRAN.XQ","","","","","","","","","","","","","","","","","","","","","","","","","","","","","","","","","","","","","","","","","","","","","","","","","","","","","","","","","","","","","",
"Somalia","SOM","Calificación de transparencia, responsabilidad y corrupción en el sector público de la CPIA (1=bajo a 6=alto)","IQ.CPA.TRAN.XQ","","","","","","","","","","","","","","","","","","","","","","","","","","","","","","","","","","","","","","","","","","","","","","","","","","","","","","","","","","1.5","","2","",
"Serbia","SRB","Calificación de transparencia, responsabilidad y corrupción en el sector público de la CPIA (1=bajo a 6=alto)","IQ.CPA.TRAN.XQ","","","","","","","","","","","","","","","","","","","","","","","","","","","","","","","","","","","","","","","","","","","","","","3","2.5","","","","","","","","","","","","","","",
"África al sur del Sahara (excluido altos ingresos)","SSA","Calificación de transparencia, responsabilidad y corrupción en el sector público de la CPIA (1=bajo a 6=alto)","IQ.CPA.TRAN.XQ","","","","","","","","","","","","","","","","","","","","","","","","","","","","","","","","","","","","","","","","","","","","","","2.7972972972973","2.77027027027027","2.77027027027027","2.74324324324324","2.72368421052632","2.71052631578947","2.77631578947368","2.70512820512821","2.70512820512821","2.73684210526316","2.71052631578947","2.68421052631579","2.65384615384615","2.71052631578947","2.71794871794872","",
"Sudán del Sur","SSD","Calificación de transparencia, responsabilidad y corrupción en el sector público de la CPIA (1=bajo a 6=alto)","IQ.CPA.TRAN.XQ","","","","","","","","","","","","","","","","","","","","","","","","","","","","","","","","","","","","","","","","","","","","","","","","","","","","","2","2","2","1.5","1.5","1.5","1.5","1.5","",
"África al sur del Sahara","SSF","Calificación de transparencia, responsabilidad y corrupción en el sector público de la CPIA (1=bajo a 6=alto)","IQ.CPA.TRAN.XQ","","","","","","","","","","","","","","","","","","","","","","","","","","","","","","","","","","","","","","","","","","","","","","2.7972972972973","2.77027027027027","2.77027027027027","2.74324324324324","2.72368421052632","2.71052631578947","2.77631578947368","2.70512820512821","2.70512820512821","2.73684210526316","2.71052631578947","2.68421052631579","2.65384615384615","2.71052631578947","2.71794871794872","",
"Pequeños Estados","SST","Calificación de transparencia, responsabilidad y corrupción en el sector público de la CPIA (1=bajo a 6=alto)","IQ.CPA.TRAN.XQ","","","","","","","","","","","","","","","","","","","","","","","","","","","","","","","","","","","","","","","","","","","","","","3.31578947368421","3.275","3.3","3.325","3.375","3.35","3.36363636363636","3.34782608695652","3.3695652173913","3.34782608695652","3.34782608695652","3.32608695652174","3.28260869565217","3.32608695652174","3.3695652173913","",
"Santo Tomé y Príncipe","STP","Calificación de transparencia, responsabilidad y corrupción en el sector público de la CPIA (1=bajo a 6=alto)","IQ.CPA.TRAN.XQ","","","","","","","","","","","","","","","","","","","","","","","","","","","","","","","","","","","","","","","","","","","","","","3.5","3.5","3.5","3.5","3.5","3.5","3.5","3.5","3.5","3.5","3.5","3.5","3.5","3.5","3.5","",
"Suriname","SUR","Calificación de transparencia, responsabilidad y corrupción en el sector público de la CPIA (1=bajo a 6=alto)","IQ.CPA.TRAN.XQ","","","","","","","","","","","","","","","","","","","","","","","","","","","","","","","","","","","","","","","","","","","","","","","","","","","","","","","","","","","","","",
"República Eslovaca","SVK","Calificación de transparencia, responsabilidad y corrupción en el sector público de la CPIA (1=bajo a 6=alto)","IQ.CPA.TRAN.XQ","","","","","","","","","","","","","","","","","","","","","","","","","","","","","","","","","","","","","","","","","","","","","","","","","","","","","","","","","","","","","",
"Eslovenia","SVN","Calificación de transparencia, responsabilidad y corrupción en el sector público de la CPIA (1=bajo a 6=alto)","IQ.CPA.TRAN.XQ","","","","","","","","","","","","","","","","","","","","","","","","","","","","","","","","","","","","","","","","","","","","","","","","","","","","","","","","","","","","","",
"Suecia","SWE","Calificación de transparencia, responsabilidad y corrupción en el sector público de la CPIA (1=bajo a 6=alto)","IQ.CPA.TRAN.XQ","","","","","","","","","","","","","","","","","","","","","","","","","","","","","","","","","","","","","","","","","","","","","","","","","","","","","","","","","","","","","",
"Eswatini","SWZ","Calificación de transparencia, responsabilidad y corrupción en el sector público de la CPIA (1=bajo a 6=alto)","IQ.CPA.TRAN.XQ","","","","","","","","","","","","","","","","","","","","","","","","","","","","","","","","","","","","","","","","","","","","","","","","","","","","","","","","","","","","","",
"Sint Maarten (Dutch part)","SXM","Calificación de transparencia, responsabilidad y corrupción en el sector público de la CPIA (1=bajo a 6=alto)","IQ.CPA.TRAN.XQ","","","","","","","","","","","","","","","","","","","","","","","","","","","","","","","","","","","","","","","","","","","","","","","","","","","","","","","","","","","","","",
"Seychelles","SYC","Calificación de transparencia, responsabilidad y corrupción en el sector público de la CPIA (1=bajo a 6=alto)","IQ.CPA.TRAN.XQ","","","","","","","","","","","","","","","","","","","","","","","","","","","","","","","","","","","","","","","","","","","","","","","","","","","","","","","","","","","","","",
"República Árabe Siria","SYR","Calificación de transparencia, responsabilidad y corrupción en el sector público de la CPIA (1=bajo a 6=alto)","IQ.CPA.TRAN.XQ","","","","","","","","","","","","","","","","","","","","","","","","","","","","","","","","","","","","","","","","","","","","","","","","","","","","","","","","","","","","","",
"Islas Turcas y Caicos","TCA","Calificación de transparencia, responsabilidad y corrupción en el sector público de la CPIA (1=bajo a 6=alto)","IQ.CPA.TRAN.XQ","","","","","","","","","","","","","","","","","","","","","","","","","","","","","","","","","","","","","","","","","","","","","","","","","","","","","","","","","","","","","",
"Chad","TCD","Calificación de transparencia, responsabilidad y corrupción en el sector público de la CPIA (1=bajo a 6=alto)","IQ.CPA.TRAN.XQ","","","","","","","","","","","","","","","","","","","","","","","","","","","","","","","","","","","","","","","","","","","","","","2","2","2","2","2","2","2","2","2","2.5","2.5","2.5","2.5","2.5","2.5","",
"Asia oriental y el Pacífico (BIRF y la AIF)","TEA","Calificación de transparencia, responsabilidad y corrupción en el sector público de la CPIA (1=bajo a 6=alto)","IQ.CPA.TRAN.XQ","","","","","","","","","","","","","","","","","","","","","","","","","","","","","","","","","","","","","","","","","","","","","","2.86363636363636","2.875","2.95454545454545","3","2.95454545454545","3","3.07692307692308","3.14285714285714","3.1","3.13333333333333","3.13333333333333","3.14285714285714","3.10714285714286","3.03571428571429","3.03571428571429","",
"Europa y Asia central (BIRF y la AIF)","TEC","Calificación de transparencia, responsabilidad y corrupción en el sector público de la CPIA (1=bajo a 6=alto)","IQ.CPA.TRAN.XQ","","","","","","","","","","","","","","","","","","","","","","","","","","","","","","","","","","","","","","","","","","","","","","2.65","2.65","2.625","2.5625","2.61111111111111","2.66666666666667","2.875","3","3","2.7","2.6","2.6","2.6","2.6","2.6","",
"Togo","TGO","Calificación de transparencia, responsabilidad y corrupción en el sector público de la CPIA (1=bajo a 6=alto)","IQ.CPA.TRAN.XQ","","","","","","","","","","","","","","","","","","","","","","","","","","","","","","","","","","","","","","","","","","","","","","2","2","2","2","2","2.5","2.5","2.5","2.5","2.5","2.5","2.5","3","3","3","",
"Tailandia","THA","Calificación de transparencia, responsabilidad y corrupción en el sector público de la CPIA (1=bajo a 6=alto)","IQ.CPA.TRAN.XQ","","","","","","","","","","","","","","","","","","","","","","","","","","","","","","","","","","","","","","","","","","","","","","","","","","","","","","","","","","","","","",
"Tayikistán","TJK","Calificación de transparencia, responsabilidad y corrupción en el sector público de la CPIA (1=bajo a 6=alto)","IQ.CPA.TRAN.XQ","","","","","","","","","","","","","","","","","","","","","","","","","","","","","","","","","","","","","","","","","","","","","","2","2","2","2","2","2","2.5","2.5","2.5","2.5","2.5","2.5","2.5","2","2","",
"Turkmenistán","TKM","Calificación de transparencia, responsabilidad y corrupción en el sector público de la CPIA (1=bajo a 6=alto)","IQ.CPA.TRAN.XQ","","","","","","","","","","","","","","","","","","","","","","","","","","","","","","","","","","","","","","","","","","","","","","","","","","","","","","","","","","","","","",
"América Latina y el Caribe (BIRF y la AIF)","TLA","Calificación de transparencia, responsabilidad y corrupción en el sector público de la CPIA (1=bajo a 6=alto)","IQ.CPA.TRAN.XQ","","","","","","","","","","","","","","","","","","","","","","","","","","","","","","","","","","","","","","","","","","","","","","3.44444444444444","3.44444444444444","3.44444444444444","3.44444444444444","3.5","3.38888888888889","3.38888888888889","3.38888888888889","3.5","3.5","3.44444444444444","3.4375","3.4375","3.4375","3.375","",
"Timor-Leste","TLS","Calificación de transparencia, responsabilidad y corrupción en el sector público de la CPIA (1=bajo a 6=alto)","IQ.CPA.TRAN.XQ","","","","","","","","","","","","","","","","","","","","","","","","","","","","","","","","","","","","","","","","","","","","","","","3","3","3","3","3","2.5","2.5","2.5","2.5","2.5","2.5","2.5","2.5","3","",
"Oriente Medio y Norte de África (BIRF y la AIF)","TMN","Calificación de transparencia, responsabilidad y corrupción en el sector público de la CPIA (1=bajo a 6=alto)","IQ.CPA.TRAN.XQ","","","","","","","","","","","","","","","","","","","","","","","","","","","","","","","","","","","","","","","","","","","","","","2.75","2.75","2.75","2.75","2.75","2.5","2.5","2.25","2.25","2.25","2","2","2","2","2","",
"Tonga","TON","Calificación de transparencia, responsabilidad y corrupción en el sector público de la CPIA (1=bajo a 6=alto)","IQ.CPA.TRAN.XQ","","","","","","","","","","","","","","","","","","","","","","","","","","","","","","","","","","","","","","","","","","","","","","2","2","2.5","3.5","3.5","3.5","3.5","3.5","3.5","3.5","3.5","3.5","3.5","3.5","3.5","",
"Asia meridional (BIRF y la AIF)","TSA","Calificación de transparencia, responsabilidad y corrupción en el sector público de la CPIA (1=bajo a 6=alto)","IQ.CPA.TRAN.XQ","","","","","","","","","","","","","","","","","","","","","","","","","","","","","","","","","","","","","","","","","","","","","","3.07142857142857","3","2.9375","2.9375","3.0625","3","3","3","3","2.92857142857143","3","3","2.91666666666667","2.91666666666667","3","",
"África al sur del Sahara (BIRF y la AIF)","TSS","Calificación de transparencia, responsabilidad y corrupción en el sector público de la CPIA (1=bajo a 6=alto)","IQ.CPA.TRAN.XQ","","","","","","","","","","","","","","","","","","","","","","","","","","","","","","","","","","","","","","","","","","","","","","2.7972972972973","2.77027027027027","2.77027027027027","2.74324324324324","2.72368421052632","2.71052631578947","2.77631578947368","2.70512820512821","2.70512820512821","2.73684210526316","2.71052631578947","2.68421052631579","2.65384615384615","2.71052631578947","2.71794871794872","",
"Trinidad y Tobago","TTO","Calificación de transparencia, responsabilidad y corrupción en el sector público de la CPIA (1=bajo a 6=alto)","IQ.CPA.TRAN.XQ","","","","","","","","","","","","","","","","","","","","","","","","","","","","","","","","","","","","","","","","","","","","","","","","","","","","","","","","","","","","","",
"Túnez","TUN","Calificación de transparencia, responsabilidad y corrupción en el sector público de la CPIA (1=bajo a 6=alto)","IQ.CPA.TRAN.XQ","","","","","","","","","","","","","","","","","","","","","","","","","","","","","","","","","","","","","","","","","","","","","","","","","","","","","","","","","","","","","",
"Turquía","TUR","Calificación de transparencia, responsabilidad y corrupción en el sector público de la CPIA (1=bajo a 6=alto)","IQ.CPA.TRAN.XQ","","","","","","","","","","","","","","","","","","","","","","","","","","","","","","","","","","","","","","","","","","","","","","","","","","","","","","","","","","","","","",
"Tuvalu","TUV","Calificación de transparencia, responsabilidad y corrupción en el sector público de la CPIA (1=bajo a 6=alto)","IQ.CPA.TRAN.XQ","","","","","","","","","","","","","","","","","","","","","","","","","","","","","","","","","","","","","","","","","","","","","","","","","","","","","3","3","3.5","3.5","3.5","3.5","3.5","3.5","",
"Tanzanía","TZA","Calificación de transparencia, responsabilidad y corrupción en el sector público de la CPIA (1=bajo a 6=alto)","IQ.CPA.TRAN.XQ","","","","","","","","","","","","","","","","","","","","","","","","","","","","","","","","","","","","","","","","","","","","","","3.5","3.5","3.5","3","3","2.5","3","3","3","3","3","3","3","2.5","3","",
"Uganda","UGA","Calificación de transparencia, responsabilidad y corrupción en el sector público de la CPIA (1=bajo a 6=alto)","IQ.CPA.TRAN.XQ","","","","","","","","","","","","","","","","","","","","","","","","","","","","","","","","","","","","","","","","","","","","","","3","3","3","3","2.5","2.5","2.5","2","2","2","2","2","2","2.5","2.5","",
"Ucrania","UKR","Calificación de transparencia, responsabilidad y corrupción en el sector público de la CPIA (1=bajo a 6=alto)","IQ.CPA.TRAN.XQ","","","","","","","","","","","","","","","","","","","","","","","","","","","","","","","","","","","","","","","","","","","","","","","","","","","","","","","","","","","","","",
"Ingreso mediano alto","UMC","Calificación de transparencia, responsabilidad y corrupción en el sector público de la CPIA (1=bajo a 6=alto)","IQ.CPA.TRAN.XQ","","","","","","","","","","","","","","","","","","","","","","","","","","","","","","","","","","","","","","","","","","","","","","3.26666666666667","3.23333333333333","3.375","3.41666666666667","3.42307692307692","3.42307692307692","3.5","3.5","3.53571428571429","3.63636363636364","3.63636363636364","3.63636363636364","3.59090909090909","3.59090909090909","3.63636363636364","",
"Uruguay","URY","Calificación de transparencia, responsabilidad y corrupción en el sector público de la CPIA (1=bajo a 6=alto)","IQ.CPA.TRAN.XQ","","","","","","","","","","","","","","","","","","","","","","","","","","","","","","","","","","","","","","","","","","","","","","","","","","","","","","","","","","","","","",
"Estados Unidos","USA","Calificación de transparencia, responsabilidad y corrupción en el sector público de la CPIA (1=bajo a 6=alto)","IQ.CPA.TRAN.XQ","","","","","","","","","","","","","","","","","","","","","","","","","","","","","","","","","","","","","","","","","","","","","","","","","","","","","","","","","","","","","",
"Uzbekistán","UZB","Calificación de transparencia, responsabilidad y corrupción en el sector público de la CPIA (1=bajo a 6=alto)","IQ.CPA.TRAN.XQ","","","","","","","","","","","","","","","","","","","","","","","","","","","","","","","","","","","","","","","","","","","","","","1.5","1.5","1.5","1.5","1.5","1.5","2","2","2","2","2","2","2","2.5","2.5","",
"San Vicente y las Granadinas","VCT","Calificación de transparencia, responsabilidad y corrupción en el sector público de la CPIA (1=bajo a 6=alto)","IQ.CPA.TRAN.XQ","","","","","","","","","","","","","","","","","","","","","","","","","","","","","","","","","","","","","","","","","","","","","","4","4","4","4","4","4","4","4","4","4","4","4","4","4","4","",
"Venezuela","VEN","Calificación de transparencia, responsabilidad y corrupción en el sector público de la CPIA (1=bajo a 6=alto)","IQ.CPA.TRAN.XQ","","","","","","","","","","","","","","","","","","","","","","","","","","","","","","","","","","","","","","","","","","","","","","","","","","","","","","","","","","","","","",
"Islas Vírgenes Británicas","VGB","Calificación de transparencia, responsabilidad y corrupción en el sector público de la CPIA (1=bajo a 6=alto)","IQ.CPA.TRAN.XQ","","","","","","","","","","","","","","","","","","","","","","","","","","","","","","","","","","","","","","","","","","","","","","","","","","","","","","","","","","","","","",
"Islas Vírgenes (EE.UU.)","VIR","Calificación de transparencia, responsabilidad y corrupción en el sector público de la CPIA (1=bajo a 6=alto)","IQ.CPA.TRAN.XQ","","","","","","","","","","","","","","","","","","","","","","","","","","","","","","","","","","","","","","","","","","","","","","","","","","","","","","","","","","","","","",
"Viet Nam","VNM","Calificación de transparencia, responsabilidad y corrupción en el sector público de la CPIA (1=bajo a 6=alto)","IQ.CPA.TRAN.XQ","","","","","","","","","","","","","","","","","","","","","","","","","","","","","","","","","","","","","","","","","","","","","","3","3","3","3","3","3","3","3","3","3","3","","","","","",
"Vanuatu","VUT","Calificación de transparencia, responsabilidad y corrupción en el sector público de la CPIA (1=bajo a 6=alto)","IQ.CPA.TRAN.XQ","","","","","","","","","","","","","","","","","","","","","","","","","","","","","","","","","","","","","","","","","","","","","","3","3","3","3","3","3","3","3.5","3.5","3","3","3","3","3","3","",
"Mundo","WLD","Calificación de transparencia, responsabilidad y corrupción en el sector público de la CPIA (1=bajo a 6=alto)","IQ.CPA.TRAN.XQ","","","","","","","","","","","","","","","","","","","","","","","","","","","","","","","","","","","","","","","","","","","","","","2.88815789473684","2.87179487179487","2.88","2.86666666666667","2.87012987012987","2.85064935064935","2.92307692307692","2.90625","2.91358024691358","2.90789473684211","2.88157894736842","2.85616438356164","2.82432432432432","2.84246575342466","2.84666666666667","",
"Samoa","WSM","Calificación de transparencia, responsabilidad y corrupción en el sector público de la CPIA (1=bajo a 6=alto)","IQ.CPA.TRAN.XQ","","","","","","","","","","","","","","","","","","","","","","","","","","","","","","","","","","","","","","","","","","","","","","4","4","4","4","4","4","4","4","4","4","4","4","4","4","4","",
"Kosovo","XKX","Calificación de transparencia, responsabilidad y corrupción en el sector público de la CPIA (1=bajo a 6=alto)","IQ.CPA.TRAN.XQ","","","","","","","","","","","","","","","","","","","","","","","","","","","","","","","","","","","","","","","","","","","","","","","","","","3","3","3","3","3","3","3","3","3","3","3","",
"Yemen, Rep. del","YEM","Calificación de transparencia, responsabilidad y corrupción en el sector público de la CPIA (1=bajo a 6=alto)","IQ.CPA.TRAN.XQ","","","","","","","","","","","","","","","","","","","","","","","","","","","","","","","","","","","","","","","","","","","","","","3","3","3","3","3","2.5","2.5","2","2","2","1.5","1.5","1.5","1.5","1.5","",
"Sudáfrica","ZAF","Calificación de transparencia, responsabilidad y corrupción en el sector público de la CPIA (1=bajo a 6=alto)","IQ.CPA.TRAN.XQ","","","","","","","","","","","","","","","","","","","","","","","","","","","","","","","","","","","","","","","","","","","","","","","","","","","","","","","","","","","","","",
"Zambia","ZMB","Calificación de transparencia, responsabilidad y corrupción en el sector público de la CPIA (1=bajo a 6=alto)","IQ.CPA.TRAN.XQ","","","","","","","","","","","","","","","","","","","","","","","","","","","","","","","","","","","","","","","","","","","","","","3","3","3","3","3","2.5","2.5","3","3","3","3","3","3","2.5","2.5","",
"Zimbabwe","ZWE","Calificación de transparencia, responsabilidad y corrupción en el sector público de la CPIA (1=bajo a 6=alto)","IQ.CPA.TRAN.XQ","","","","","","","","","","","","","","","","","","","","","","","","","","","","","","","","","","","","","","","","","","","","","","1.5","1","1","1","1.5","1.5","1.5","1.5","1.5","1.5","2","2","2","2.5","2.5","",
